{
  "project_info": {
    "project_number": "948717817641",
    "project_id": "fir-13097",
    "storage_bucket": "fir-13097.firebasestorage.app"
  },
  "client": [
    {
      "client_info": {
        "mobilesdk_app_id": "1:948717817641:android:ccb974f0a046b0a273b138",
        "android_client_info": {
          "package_name": "com.example.firezin"
        }
      },
      "oauth_client": [],
      "api_key": [
        {
          "current_key": "AIzaSyAaBG1FPuIzuT6i6LZfJnp9QjANRLrCLKg"
        }
      ],
      "services": {
        "appinvite_service": {
          "other_platform_oauth_client": []
        }
      }
    }
  ],
  "configuration_version": "1"
}